country,year,arabica_1000_bags,production_1000_bags,robusta_1000_bags,production_mt,arabica_mt,robusta_mt
Brazil,1960,29800.0,29800.0,0.0,1788000.0,1788000.0,0.0
Brazil,1961,39600.0,39600.0,0.0,2376000.0,2376000.0,0.0
Brazil,1962,28900.0,28900.0,0.0,1734000.0,1734000.0,0.0
Brazil,1963,23200.0,23200.0,0.0,1392000.0,1392000.0,0.0
Brazil,1964,11000.0,11000.0,0.0,660000.0,660000.0,0.0
Brazil,1965,37700.0,37700.0,0.0,2262000.0,2262000.0,0.0
Brazil,1966,21000.0,21000.0,0.0,1260000.0,1260000.0,0.0
Brazil,1967,24500.0,24500.0,0.0,1470000.0,1470000.0,0.0
Brazil,1968,17000.0,17000.0,0.0,1020000.0,1020000.0,0.0
Brazil,1969,21000.0,21000.0,0.0,1260000.0,1260000.0,0.0
Brazil,1970,11000.0,11000.0,0.0,660000.0,660000.0,0.0
Brazil,1971,24600.0,24600.0,0.0,1476000.0,1476000.0,0.0
Brazil,1972,24500.0,24500.0,0.0,1470000.0,1470000.0,0.0
Brazil,1973,14300.0,14300.0,0.0,858000.0,858000.0,0.0
Brazil,1974,27500.0,27500.0,0.0,1650000.0,1650000.0,0.0
Brazil,1975,22800.0,23000.0,200.0,1380000.0,1368000.0,12000.0
Brazil,1976,9000.0,9300.0,300.0,558000.0,540000.0,18000.0
Brazil,1977,17100.0,17500.0,400.0,1050000.0,1026000.0,24000.0
Brazil,1978,19100.0,20000.0,900.0,1200000.0,1146000.0,54000.0
Brazil,1979,20900.0,22000.0,1100.0,1320000.0,1254000.0,66000.0
Brazil,1980,20250.0,21500.0,1250.0,1290000.0,1215000.0,75000.0
Brazil,1981,31500.0,33000.0,1500.0,1980000.0,1890000.0,90000.0
Brazil,1982,15750.0,17750.0,2000.0,1065000.0,945000.0,120000.0
Brazil,1983,28000.0,30000.0,2000.0,1800000.0,1680000.0,120000.0
Brazil,1984,25000.0,27000.0,2000.0,1620000.0,1500000.0,120000.0
Brazil,1985,30600.0,33000.0,2400.0,1980000.0,1836000.0,144000.0
Brazil,1986,10400.0,13900.0,3500.0,834000.0,624000.0,210000.0
Brazil,1987,34300.0,38000.0,3700.0,2280000.0,2058000.0,222000.0
Brazil,1988,21300.0,25000.0,3700.0,1500000.0,1278000.0,222000.0
Brazil,1989,22500.0,26000.0,3500.0,1560000.0,1350000.0,210000.0
Brazil,1990,26500.0,31000.0,4500.0,1860000.0,1590000.0,270000.0
Brazil,1991,24000.0,28500.0,4500.0,1710000.0,1440000.0,270000.0
Brazil,1992,19200.0,24000.0,4800.0,1440000.0,1152000.0,288000.0
Brazil,1993,24000.0,28500.0,4500.0,1710000.0,1440000.0,270000.0
Brazil,1994,24500.0,28000.0,3500.0,1680000.0,1470000.0,210000.0
Brazil,1995,14000.0,16800.0,2800.0,1008000.0,840000.0,168000.0
Brazil,1996,22700.0,28000.0,5300.0,1680000.0,1362000.0,318000.0
Brazil,1997,19200.0,23500.0,4300.0,1410000.0,1152000.0,258000.0
Brazil,1998,30600.0,35600.0,5000.0,2136000.0,1836000.0,300000.0
Brazil,1999,25800.0,30800.0,5000.0,1848000.0,1548000.0,300000.0
Brazil,2000,26600.0,34100.0,7500.0,2046000.0,1596000.0,450000.0
Brazil,2001,24400.0,35100.0,10700.0,2106000.0,1464000.0,642000.0
Brazil,2002,41600.0,53600.0,12000.0,3216000.0,2496000.0,720000.0
Brazil,2003,23600.0,33200.0,9600.0,1992000.0,1416000.0,576000.0
Brazil,2004,34300.0,43600.0,9300.0,2616000.0,2058000.0,558000.0
Brazil,2005,26000.0,36100.0,10100.0,2166000.0,1560000.0,606000.0
Brazil,2006,36000.0,46700.0,10700.0,2802000.0,2160000.0,642000.0
Brazil,2007,27650.0,39100.0,11450.0,2346000.0,1659000.0,687000.0
Brazil,2008,40500.0,53300.0,12800.0,3198000.0,2430000.0,768000.0
Brazil,2009,33000.0,44800.0,11800.0,2688000.0,1980000.0,708000.0
Brazil,2010,41800.0,54500.0,12700.0,3270000.0,2508000.0,762000.0
Brazil,2011,34700.0,49200.0,14500.0,2952000.0,2082000.0,870000.0
Brazil,2012,42100.0,57600.0,15500.0,3456000.0,2526000.0,930000.0
Brazil,2013,41800.0,57200.0,15400.0,3432000.0,2508000.0,924000.0
Brazil,2014,37300.0,54300.0,17000.0,3258000.0,2238000.0,1020000.0
Brazil,2015,36100.0,49400.0,13300.0,2964000.0,2166000.0,798000.0
Brazil,2016,45600.0,56100.0,10500.0,3366000.0,2736000.0,630000.0
Brazil,2017,39500.0,52100.0,12600.0,3126000.0,2370000.0,756000.0
Brazil,2018,49700.0,66500.0,16800.0,3990000.0,2982000.0,1008000.0
Brazil,2019,42000.0,60500.0,18500.0,3630000.0,2520000.0,1110000.0
Brazil,2020,49700.0,69900.0,20200.0,4194000.0,2982000.0,1212000.0
Brazil,2021,36400.0,58100.0,21700.0,3486000.0,2184000.0,1302000.0
Brazil,2022,39800.0,62600.0,22800.0,3756000.0,2388000.0,1368000.0
Brazil,2023,44900.0,66300.0,21400.0,3978000.0,2694000.0,1284000.0
Brazil,2024,44000.0,65000.0,21000.0,3900000.0,2640000.0,1260000.0
Brazil,2025,38000.0,63000.0,25000.0,3780000.0,2280000.0,1500000.0
Colombia,1960,7260.0,7260.0,0.0,435600.0,435600.0,0.0
Colombia,1961,7571.0,7571.0,0.0,454260.0,454260.0,0.0
Colombia,1962,7180.0,7180.0,0.0,430800.0,430800.0,0.0
Colombia,1963,7556.0,7556.0,0.0,453360.0,453360.0,0.0
Colombia,1964,8428.0,8428.0,0.0,505680.0,505680.0,0.0
Colombia,1965,8200.0,8200.0,0.0,492000.0,492000.0,0.0
Colombia,1966,7600.0,7600.0,0.0,456000.0,456000.0,0.0
Colombia,1967,8000.0,8000.0,0.0,480000.0,480000.0,0.0
Colombia,1968,7900.0,7900.0,0.0,474000.0,474000.0,0.0
Colombia,1969,8450.0,8450.0,0.0,507000.0,507000.0,0.0
Colombia,1970,8000.0,8000.0,0.0,480000.0,480000.0,0.0
Colombia,1971,7200.0,7200.0,0.0,432000.0,432000.0,0.0
Colombia,1972,8600.0,8600.0,0.0,516000.0,516000.0,0.0
Colombia,1973,7800.0,7800.0,0.0,468000.0,468000.0,0.0
Colombia,1974,9000.0,9000.0,0.0,540000.0,540000.0,0.0
Colombia,1975,8500.0,8500.0,0.0,510000.0,510000.0,0.0
Colombia,1976,9300.0,9300.0,0.0,558000.0,558000.0,0.0
Colombia,1977,11050.0,11050.0,0.0,663000.0,663000.0,0.0
Colombia,1978,12600.0,12600.0,0.0,756000.0,756000.0,0.0
Colombia,1979,12712.0,12712.0,0.0,762720.0,762720.0,0.0
Colombia,1980,13500.0,13500.0,0.0,810000.0,810000.0,0.0
Colombia,1981,14342.0,14342.0,0.0,860520.0,860520.0,0.0
Colombia,1982,13300.0,13300.0,0.0,798000.0,798000.0,0.0
Colombia,1983,13000.0,13000.0,0.0,780000.0,780000.0,0.0
Colombia,1984,11000.0,11000.0,0.0,660000.0,660000.0,0.0
Colombia,1985,12000.0,12000.0,0.0,720000.0,720000.0,0.0
Colombia,1986,11000.0,11000.0,0.0,660000.0,660000.0,0.0
Colombia,1987,13000.0,13000.0,0.0,780000.0,780000.0,0.0
Colombia,1988,10700.0,10700.0,0.0,642000.0,642000.0,0.0
Colombia,1989,13300.0,13300.0,0.0,798000.0,798000.0,0.0
Colombia,1990,14500.0,14500.0,0.0,870000.0,870000.0,0.0
Colombia,1991,17980.0,17980.0,0.0,1078800.0,1078800.0,0.0
Colombia,1992,14950.0,14950.0,0.0,897000.0,897000.0,0.0
Colombia,1993,11400.0,11400.0,0.0,684000.0,684000.0,0.0
Colombia,1994,13000.0,13000.0,0.0,780000.0,780000.0,0.0
Colombia,1995,12939.0,12939.0,0.0,776340.0,776340.0,0.0
Colombia,1996,10779.0,10779.0,0.0,646740.0,646740.0,0.0
Colombia,1997,12043.0,12043.0,0.0,722580.0,722580.0,0.0
Colombia,1998,10868.0,10868.0,0.0,652080.0,652080.0,0.0
Colombia,1999,9512.0,9512.0,0.0,570720.0,570720.0,0.0
Colombia,2000,10500.0,10500.0,0.0,630000.0,630000.0,0.0
Colombia,2001,11950.0,11950.0,0.0,717000.0,717000.0,0.0
Colombia,2002,11712.0,11712.0,0.0,702720.0,702720.0,0.0
Colombia,2003,11053.0,11053.0,0.0,663180.0,663180.0,0.0
Colombia,2004,11532.0,11532.0,0.0,691920.0,691920.0,0.0
Colombia,2005,11953.0,11953.0,0.0,717180.0,717180.0,0.0
Colombia,2006,12164.0,12164.0,0.0,729840.0,729840.0,0.0
Colombia,2007,12515.0,12515.0,0.0,750900.0,750900.0,0.0
Colombia,2008,8664.0,8664.0,0.0,519840.0,519840.0,0.0
Colombia,2009,8100.0,8100.0,0.0,486000.0,486000.0,0.0
Colombia,2010,8525.0,8525.0,0.0,511500.0,511500.0,0.0
Colombia,2011,7655.0,7655.0,0.0,459300.0,459300.0,0.0
Colombia,2012,9927.0,9927.0,0.0,595620.0,595620.0,0.0
Colombia,2013,12075.0,12075.0,0.0,724500.0,724500.0,0.0
Colombia,2014,13300.0,13300.0,0.0,798000.0,798000.0,0.0
Colombia,2015,14000.0,14000.0,0.0,840000.0,840000.0,0.0
Colombia,2016,14600.0,14600.0,0.0,876000.0,876000.0,0.0
Colombia,2017,13825.0,13825.0,0.0,829500.0,829500.0,0.0
Colombia,2018,13870.0,13870.0,0.0,832200.0,832200.0,0.0
Colombia,2019,14100.0,14100.0,0.0,846000.0,846000.0,0.0
Colombia,2020,13400.0,13400.0,0.0,804000.0,804000.0,0.0
Colombia,2021,11800.0,11800.0,0.0,708000.0,708000.0,0.0
Colombia,2022,10700.0,10700.0,0.0,642000.0,642000.0,0.0
Colombia,2023,12760.0,12760.0,0.0,765600.0,765600.0,0.0
Colombia,2024,14800.0,14800.0,0.0,888000.0,888000.0,0.0
Colombia,2025,13800.0,13800.0,0.0,828000.0,828000.0,0.0
Costa Rica,1960,951.0,951.0,0.0,57060.0,57060.0,0.0
Costa Rica,1961,1073.0,1073.0,0.0,64380.0,64380.0,0.0
Costa Rica,1962,952.0,952.0,0.0,57120.0,57120.0,0.0
Costa Rica,1963,1043.0,1043.0,0.0,62580.0,62580.0,0.0
Costa Rica,1964,845.0,845.0,0.0,50700.0,50700.0,0.0
Costa Rica,1965,1001.0,1001.0,0.0,60060.0,60060.0,0.0
Costa Rica,1966,1164.0,1164.0,0.0,69840.0,69840.0,0.0
Costa Rica,1967,1313.0,1313.0,0.0,78780.0,78780.0,0.0
Costa Rica,1968,1228.0,1228.0,0.0,73680.0,73680.0,0.0
Costa Rica,1969,1403.0,1403.0,0.0,84180.0,84180.0,0.0
Costa Rica,1970,1295.0,1295.0,0.0,77700.0,77700.0,0.0
Costa Rica,1971,1551.0,1551.0,0.0,93060.0,93060.0,0.0
Costa Rica,1972,1266.0,1266.0,0.0,75960.0,75960.0,0.0
Costa Rica,1973,1539.0,1539.0,0.0,92340.0,92340.0,0.0
Costa Rica,1974,1430.0,1430.0,0.0,85800.0,85800.0,0.0
Costa Rica,1975,1276.0,1276.0,0.0,76560.0,76560.0,0.0
Costa Rica,1976,1331.0,1331.0,0.0,79860.0,79860.0,0.0
Costa Rica,1977,1449.0,1449.0,0.0,86940.0,86940.0,0.0
Costa Rica,1978,1749.0,1749.0,0.0,104940.0,104940.0,0.0
Costa Rica,1979,1522.0,1522.0,0.0,91320.0,91320.0,0.0
Costa Rica,1980,2140.0,2140.0,0.0,128400.0,128400.0,0.0
Costa Rica,1981,1782.0,1782.0,0.0,106920.0,106920.0,0.0
Costa Rica,1982,2300.0,2300.0,0.0,138000.0,138000.0,0.0
Costa Rica,1983,2070.0,2070.0,0.0,124200.0,124200.0,0.0
Costa Rica,1984,2516.0,2516.0,0.0,150960.0,150960.0,0.0
Costa Rica,1985,1514.0,1514.0,0.0,90840.0,90840.0,0.0
Costa Rica,1986,2566.0,2566.0,0.0,153960.0,153960.0,0.0
Costa Rica,1987,2375.0,2375.0,0.0,142500.0,142500.0,0.0
Costa Rica,1988,2758.0,2758.0,0.0,165480.0,165480.0,0.0
Costa Rica,1989,2453.0,2453.0,0.0,147180.0,147180.0,0.0
Costa Rica,1990,2565.0,2565.0,0.0,153900.0,153900.0,0.0
Costa Rica,1991,2530.0,2530.0,0.0,151800.0,151800.0,0.0
Costa Rica,1992,2620.0,2620.0,0.0,157200.0,157200.0,0.0
Costa Rica,1993,2475.0,2475.0,0.0,148500.0,148500.0,0.0
Costa Rica,1994,2492.0,2492.0,0.0,149520.0,149520.0,0.0
Costa Rica,1995,2595.0,2595.0,0.0,155700.0,155700.0,0.0
Costa Rica,1996,2376.0,2376.0,0.0,142560.0,142560.0,0.0
Costa Rica,1997,2455.0,2455.0,0.0,147300.0,147300.0,0.0
Costa Rica,1998,2459.0,2459.0,0.0,147540.0,147540.0,0.0
Costa Rica,1999,2688.0,2688.0,0.0,161280.0,161280.0,0.0
Costa Rica,2000,2502.0,2502.0,0.0,150120.0,150120.0,0.0
Costa Rica,2001,2338.0,2338.0,0.0,140280.0,140280.0,0.0
Costa Rica,2002,2207.0,2207.0,0.0,132420.0,132420.0,0.0
Costa Rica,2003,2106.0,2106.0,0.0,126360.0,126360.0,0.0
Costa Rica,2004,1907.0,1907.0,0.0,114420.0,114420.0,0.0
Costa Rica,2005,1751.0,1751.0,0.0,105060.0,105060.0,0.0
Costa Rica,2006,1782.0,1782.0,0.0,106920.0,106920.0,0.0
Costa Rica,2007,1867.0,1867.0,0.0,112020.0,112020.0,0.0
Costa Rica,2008,1580.0,1580.0,0.0,94800.0,94800.0,0.0
Costa Rica,2009,1475.0,1475.0,0.0,88500.0,88500.0,0.0
Costa Rica,2010,1575.0,1575.0,0.0,94500.0,94500.0,0.0
Costa Rica,2011,1775.0,1775.0,0.0,106500.0,106500.0,0.0
Costa Rica,2012,1675.0,1675.0,0.0,100500.0,100500.0,0.0
Costa Rica,2013,1450.0,1450.0,0.0,87000.0,87000.0,0.0
Costa Rica,2014,1400.0,1400.0,0.0,84000.0,84000.0,0.0
Costa Rica,2015,1625.0,1625.0,0.0,97500.0,97500.0,0.0
Costa Rica,2016,1300.0,1300.0,0.0,78000.0,78000.0,0.0
Costa Rica,2017,1525.0,1525.0,0.0,91500.0,91500.0,0.0
Costa Rica,2018,1250.0,1250.0,0.0,75000.0,75000.0,0.0
Costa Rica,2019,1466.0,1466.0,0.0,87960.0,87960.0,0.0
Costa Rica,2020,1472.0,1472.0,0.0,88320.0,88320.0,0.0
Costa Rica,2021,1215.0,1215.0,0.0,72900.0,72900.0,0.0
Costa Rica,2022,1100.0,1100.0,0.0,66000.0,66000.0,0.0
Costa Rica,2023,1158.0,1158.0,0.0,69480.0,69480.0,0.0
Costa Rica,2024,1298.0,1298.0,0.0,77880.0,77880.0,0.0
Costa Rica,2025,1170.0,1170.0,0.0,70200.0,70200.0,0.0
El Salvador,1960,1452.0,1452.0,0.0,87120.0,87120.0,0.0
El Salvador,1961,1930.0,1930.0,0.0,115800.0,115800.0,0.0
El Salvador,1962,1638.0,1638.0,0.0,98280.0,98280.0,0.0
El Salvador,1963,1904.0,1904.0,0.0,114240.0,114240.0,0.0
El Salvador,1964,2052.0,2052.0,0.0,123120.0,123120.0,0.0
El Salvador,1965,1810.0,1810.0,0.0,108600.0,108600.0,0.0
El Salvador,1966,1935.0,1935.0,0.0,116100.0,116100.0,0.0
El Salvador,1967,2393.0,2393.0,0.0,143580.0,143580.0,0.0
El Salvador,1968,1817.0,1817.0,0.0,109020.0,109020.0,0.0
El Salvador,1969,2468.0,2468.0,0.0,148080.0,148080.0,0.0
El Salvador,1970,2054.0,2054.0,0.0,123240.0,123240.0,0.0
El Salvador,1971,2680.0,2680.0,0.0,160800.0,160800.0,0.0
El Salvador,1972,2238.0,2238.0,0.0,134280.0,134280.0,0.0
El Salvador,1973,2370.0,2370.0,0.0,142200.0,142200.0,0.0
El Salvador,1974,3800.0,3800.0,0.0,228000.0,228000.0,0.0
El Salvador,1975,2030.0,2030.0,0.0,121800.0,121800.0,0.0
El Salvador,1976,2610.0,2610.0,0.0,156600.0,156600.0,0.0
El Salvador,1977,2800.0,2800.0,0.0,168000.0,168000.0,0.0
El Salvador,1978,3423.0,3423.0,0.0,205380.0,205380.0,0.0
El Salvador,1979,3322.0,3322.0,0.0,199320.0,199320.0,0.0
El Salvador,1980,2940.0,2940.0,0.0,176400.0,176400.0,0.0
El Salvador,1981,2886.0,2886.0,0.0,173160.0,173160.0,0.0
El Salvador,1982,2800.0,2800.0,0.0,168000.0,168000.0,0.0
El Salvador,1983,2400.0,2400.0,0.0,144000.0,144000.0,0.0
El Salvador,1984,2680.0,2680.0,0.0,160800.0,160800.0,0.0
El Salvador,1985,2300.0,2300.0,0.0,138000.0,138000.0,0.0
El Salvador,1986,2275.0,2275.0,0.0,136500.0,136500.0,0.0
El Salvador,1987,2538.0,2538.0,0.0,152280.0,152280.0,0.0
El Salvador,1988,1492.0,1492.0,0.0,89520.0,89520.0,0.0
El Salvador,1989,2787.0,2787.0,0.0,167220.0,167220.0,0.0
El Salvador,1990,2603.0,2603.0,0.0,156180.0,156180.0,0.0
El Salvador,1991,2357.0,2357.0,0.0,141420.0,141420.0,0.0
El Salvador,1992,2894.0,2894.0,0.0,173640.0,173640.0,0.0
El Salvador,1993,2361.0,2361.0,0.0,141660.0,141660.0,0.0
El Salvador,1994,2314.0,2314.0,0.0,138840.0,138840.0,0.0
El Salvador,1995,2325.0,2325.0,0.0,139500.0,139500.0,0.0
El Salvador,1996,2498.0,2498.0,0.0,149880.0,149880.0,0.0
El Salvador,1997,2040.0,2040.0,0.0,122400.0,122400.0,0.0
El Salvador,1998,1860.0,1860.0,0.0,111600.0,111600.0,0.0
El Salvador,1999,2612.0,2612.0,0.0,156720.0,156720.0,0.0
El Salvador,2000,1624.0,1624.0,0.0,97440.0,97440.0,0.0
El Salvador,2001,1610.0,1610.0,0.0,96600.0,96600.0,0.0
El Salvador,2002,1351.0,1351.0,0.0,81060.0,81060.0,0.0
El Salvador,2003,1343.0,1343.0,0.0,80580.0,80580.0,0.0
El Salvador,2004,1329.0,1329.0,0.0,79740.0,79740.0,0.0
El Salvador,2005,1387.0,1387.0,0.0,83220.0,83220.0,0.0
El Salvador,2006,1400.0,1400.0,0.0,84000.0,84000.0,0.0
El Salvador,2007,1650.0,1650.0,0.0,99000.0,99000.0,0.0
El Salvador,2008,1550.0,1550.0,0.0,93000.0,93000.0,0.0
El Salvador,2009,1300.0,1300.0,0.0,78000.0,78000.0,0.0
El Salvador,2010,1860.0,1860.0,0.0,111600.0,111600.0,0.0
El Salvador,2011,1200.0,1200.0,0.0,72000.0,72000.0,0.0
El Salvador,2012,1250.0,1250.0,0.0,75000.0,75000.0,0.0
El Salvador,2013,550.0,550.0,0.0,33000.0,33000.0,0.0
El Salvador,2014,700.0,700.0,0.0,42000.0,42000.0,0.0
El Salvador,2015,560.0,560.0,0.0,33600.0,33600.0,0.0
El Salvador,2016,600.0,600.0,0.0,36000.0,36000.0,0.0
El Salvador,2017,660.0,660.0,0.0,39600.0,39600.0,0.0
El Salvador,2018,654.0,654.0,0.0,39240.0,39240.0,0.0
El Salvador,2019,510.0,510.0,0.0,30600.0,30600.0,0.0
El Salvador,2020,540.0,540.0,0.0,32400.0,32400.0,0.0
El Salvador,2021,600.0,600.0,0.0,36000.0,36000.0,0.0
El Salvador,2022,550.0,550.0,0.0,33000.0,33000.0,0.0
El Salvador,2023,604.0,604.0,0.0,36240.0,36240.0,0.0
El Salvador,2024,450.0,450.0,0.0,27000.0,27000.0,0.0
El Salvador,2025,500.0,500.0,0.0,30000.0,30000.0,0.0
Ethiopia,1960,1687.0,1687.0,0.0,101220.0,101220.0,0.0
Ethiopia,1961,2007.0,2007.0,0.0,120420.0,120420.0,0.0
Ethiopia,1962,2073.0,2073.0,0.0,124380.0,124380.0,0.0
Ethiopia,1963,2205.0,2205.0,0.0,132300.0,132300.0,0.0
Ethiopia,1964,2416.0,2416.0,0.0,144960.0,144960.0,0.0
Ethiopia,1965,2234.0,2234.0,0.0,134040.0,134040.0,0.0
Ethiopia,1966,2426.0,2426.0,0.0,145560.0,145560.0,0.0
Ethiopia,1967,2153.0,2153.0,0.0,129180.0,129180.0,0.0
Ethiopia,1968,1988.0,1988.0,0.0,119280.0,119280.0,0.0
Ethiopia,1969,2991.0,2991.0,0.0,179460.0,179460.0,0.0
Ethiopia,1970,2589.0,2589.0,0.0,155340.0,155340.0,0.0
Ethiopia,1971,2290.0,2290.0,0.0,137400.0,137400.0,0.0
Ethiopia,1972,2580.0,2580.0,0.0,154800.0,154800.0,0.0
Ethiopia,1973,2187.0,2187.0,0.0,131220.0,131220.0,0.0
Ethiopia,1974,2488.0,2488.0,0.0,149280.0,149280.0,0.0
Ethiopia,1975,2611.0,2611.0,0.0,156660.0,156660.0,0.0
Ethiopia,1976,2782.0,2782.0,0.0,166920.0,166920.0,0.0
Ethiopia,1977,3143.0,3143.0,0.0,188580.0,188580.0,0.0
Ethiopia,1978,3142.0,3142.0,0.0,188520.0,188520.0,0.0
Ethiopia,1979,3188.0,3188.0,0.0,191280.0,191280.0,0.0
Ethiopia,1980,3264.0,3264.0,0.0,195840.0,195840.0,0.0
Ethiopia,1981,3212.0,3212.0,0.0,192720.0,192720.0,0.0
Ethiopia,1982,3350.0,3350.0,0.0,201000.0,201000.0,0.0
Ethiopia,1983,3300.0,3300.0,0.0,198000.0,198000.0,0.0
Ethiopia,1984,2587.0,2587.0,0.0,155220.0,155220.0,0.0
Ethiopia,1985,2833.0,2833.0,0.0,169980.0,169980.0,0.0
Ethiopia,1986,2700.0,2700.0,0.0,162000.0,162000.0,0.0
Ethiopia,1987,3200.0,3200.0,0.0,192000.0,192000.0,0.0
Ethiopia,1988,3400.0,3400.0,0.0,204000.0,204000.0,0.0
Ethiopia,1989,3400.0,3400.0,0.0,204000.0,204000.0,0.0
Ethiopia,1990,3500.0,3500.0,0.0,210000.0,210000.0,0.0
Ethiopia,1991,3000.0,3000.0,0.0,180000.0,180000.0,0.0
Ethiopia,1992,3500.0,3500.0,0.0,210000.0,210000.0,0.0
Ethiopia,1993,3700.0,3700.0,0.0,222000.0,222000.0,0.0
Ethiopia,1994,3800.0,3800.0,0.0,228000.0,228000.0,0.0
Ethiopia,1995,3800.0,3800.0,0.0,228000.0,228000.0,0.0
Ethiopia,1996,3800.0,3800.0,0.0,228000.0,228000.0,0.0
Ethiopia,1997,3833.0,3833.0,0.0,229980.0,229980.0,0.0
Ethiopia,1998,3867.0,3867.0,0.0,232020.0,232020.0,0.0
Ethiopia,1999,3505.0,3505.0,0.0,210300.0,210300.0,0.0
Ethiopia,2000,2768.0,2768.0,0.0,166080.0,166080.0,0.0
Ethiopia,2001,3756.0,3756.0,0.0,225360.0,225360.0,0.0
Ethiopia,2002,3693.0,3693.0,0.0,221580.0,221580.0,0.0
Ethiopia,2003,3875.0,3875.0,0.0,232500.0,232500.0,0.0
Ethiopia,2004,4068.0,4068.0,0.0,244080.0,244080.0,0.0
Ethiopia,2005,4500.0,4500.0,0.0,270000.0,270000.0,0.0
Ethiopia,2006,5000.0,5000.0,0.0,300000.0,300000.0,0.0
Ethiopia,2007,5000.0,5000.0,0.0,300000.0,300000.0,0.0
Ethiopia,2008,5500.0,5500.0,0.0,330000.0,330000.0,0.0
Ethiopia,2009,6000.0,6000.0,0.0,360000.0,360000.0,0.0
Ethiopia,2010,6125.0,6125.0,0.0,367500.0,367500.0,0.0
Ethiopia,2011,6320.0,6320.0,0.0,379200.0,379200.0,0.0
Ethiopia,2012,6500.0,6500.0,0.0,390000.0,390000.0,0.0
Ethiopia,2013,6345.0,6345.0,0.0,380700.0,380700.0,0.0
Ethiopia,2014,6475.0,6475.0,0.0,388500.0,388500.0,0.0
Ethiopia,2015,6510.0,6510.0,0.0,390600.0,390600.0,0.0
Ethiopia,2016,6943.0,6943.0,0.0,416580.0,416580.0,0.0
Ethiopia,2017,7055.0,7055.0,0.0,423300.0,423300.0,0.0
Ethiopia,2018,7350.0,7350.0,0.0,441000.0,441000.0,0.0
Ethiopia,2019,7475.0,7475.0,0.0,448500.0,448500.0,0.0
Ethiopia,2020,7600.0,7600.0,0.0,456000.0,456000.0,0.0
Ethiopia,2021,8150.0,8150.0,0.0,489000.0,489000.0,0.0
Ethiopia,2022,7300.0,7300.0,0.0,438000.0,438000.0,0.0
Ethiopia,2023,9130.0,9130.0,0.0,547800.0,547800.0,0.0
Ethiopia,2024,11100.0,11100.0,0.0,666000.0,666000.0,0.0
Ethiopia,2025,11560.0,11560.0,0.0,693600.0,693600.0,0.0
Guatemala,1960,1500.0,1500.0,0.0,90000.0,90000.0,0.0
Guatemala,1961,1700.0,1700.0,0.0,102000.0,102000.0,0.0
Guatemala,1962,1929.0,1929.0,0.0,115740.0,115740.0,0.0
Guatemala,1963,1712.0,1712.0,0.0,102720.0,102720.0,0.0
Guatemala,1964,1660.0,1660.0,0.0,99600.0,99600.0,0.0
Guatemala,1965,2095.0,2095.0,0.0,125700.0,125700.0,0.0
Guatemala,1966,1726.0,1726.0,0.0,103560.0,103560.0,0.0
Guatemala,1967,1792.0,1792.0,0.0,107520.0,107520.0,0.0
Guatemala,1968,1716.0,1716.0,0.0,102960.0,102960.0,0.0
Guatemala,1969,1941.0,1941.0,0.0,116460.0,116460.0,0.0
Guatemala,1970,1965.0,1965.0,0.0,117900.0,117900.0,0.0
Guatemala,1971,2099.0,2099.0,0.0,125940.0,125940.0,0.0
Guatemala,1972,2133.0,2133.0,0.0,127980.0,127980.0,0.0
Guatemala,1973,2352.0,2352.0,0.0,141120.0,141120.0,0.0
Guatemala,1974,2386.0,2386.0,0.0,143160.0,143160.0,0.0
Guatemala,1975,2043.0,2043.0,0.0,122580.0,122580.0,0.0
Guatemala,1976,2213.0,2213.0,0.0,132780.0,132780.0,0.0
Guatemala,1977,2541.0,2541.0,0.0,152460.0,152460.0,0.0
Guatemala,1978,2827.0,2827.0,0.0,169620.0,169620.0,0.0
Guatemala,1979,2647.0,2647.0,0.0,158820.0,158820.0,0.0
Guatemala,1980,2702.0,2702.0,0.0,162120.0,162120.0,0.0
Guatemala,1981,2653.0,2653.0,0.0,159180.0,159180.0,0.0
Guatemala,1982,2530.0,2530.0,0.0,151800.0,151800.0,0.0
Guatemala,1983,2340.0,2340.0,0.0,140400.0,140400.0,0.0
Guatemala,1984,2703.0,2703.0,0.0,162180.0,162180.0,0.0
Guatemala,1985,2650.0,2650.0,0.0,159000.0,159000.0,0.0
Guatemala,1986,2843.0,2843.0,0.0,170580.0,170580.0,0.0
Guatemala,1987,3020.0,3020.0,0.0,181200.0,181200.0,0.0
Guatemala,1988,2977.0,3022.0,45.0,181320.0,178620.0,2700.0
Guatemala,1989,3427.0,3472.0,45.0,208320.0,205620.0,2700.0
Guatemala,1990,3237.0,3282.0,45.0,196920.0,194220.0,2700.0
Guatemala,1991,3518.0,3549.0,31.0,212940.0,211080.0,1860.0
Guatemala,1992,3553.0,3584.0,31.0,215040.0,213180.0,1860.0
Guatemala,1993,3050.0,3078.0,28.0,184680.0,183000.0,1680.0
Guatemala,1994,3473.0,3500.0,27.0,210000.0,208380.0,1620.0
Guatemala,1995,3800.0,3827.0,27.0,229620.0,228000.0,1620.0
Guatemala,1996,4114.0,4141.0,27.0,248460.0,246840.0,1620.0
Guatemala,1997,4173.0,4200.0,27.0,252000.0,250380.0,1620.0
Guatemala,1998,4273.0,4300.0,27.0,258000.0,256380.0,1620.0
Guatemala,1999,4337.0,4364.0,27.0,261840.0,260220.0,1620.0
Guatemala,2000,4537.0,4564.0,27.0,273840.0,272220.0,1620.0
Guatemala,2001,3503.0,3530.0,27.0,211800.0,210180.0,1620.0
Guatemala,2002,3775.0,3802.0,27.0,228120.0,226500.0,1620.0
Guatemala,2003,3644.0,3671.0,27.0,220260.0,218640.0,1620.0
Guatemala,2004,3802.0,3817.0,15.0,229020.0,228120.0,900.0
Guatemala,2005,3700.0,3715.0,15.0,222900.0,222000.0,900.0
Guatemala,2006,4040.0,4050.0,10.0,243000.0,242400.0,600.0
Guatemala,2007,4100.0,4110.0,10.0,246600.0,246000.0,600.0
Guatemala,2008,3970.0,3980.0,10.0,238800.0,238200.0,600.0
Guatemala,2009,4000.0,4010.0,10.0,240600.0,240000.0,600.0
Guatemala,2010,3950.0,3960.0,10.0,237600.0,237000.0,600.0
Guatemala,2011,4400.0,4410.0,10.0,264600.0,264000.0,600.0
Guatemala,2012,4000.0,4010.0,10.0,240600.0,240000.0,600.0
Guatemala,2013,3500.0,3515.0,15.0,210900.0,210000.0,900.0
Guatemala,2014,3125.0,3185.0,60.0,191100.0,187500.0,3600.0
Guatemala,2015,3125.0,3295.0,170.0,197700.0,187500.0,10200.0
Guatemala,2016,3400.0,3570.0,170.0,214200.0,204000.0,10200.0
Guatemala,2017,3600.0,3780.0,180.0,226800.0,216000.0,10800.0
Guatemala,2018,3520.0,3770.0,250.0,226200.0,211200.0,15000.0
Guatemala,2019,3515.0,3645.0,130.0,218700.0,210900.0,7800.0
Guatemala,2020,3810.0,3930.0,120.0,235800.0,228600.0,7200.0
Guatemala,2021,3410.0,3540.0,130.0,212400.0,204600.0,7800.0
Guatemala,2022,3150.0,3270.0,120.0,196200.0,189000.0,7200.0
Guatemala,2023,3339.0,3469.0,130.0,208140.0,200340.0,7800.0
Guatemala,2024,3075.0,3205.0,130.0,192300.0,184500.0,7800.0
Guatemala,2025,3410.0,3540.0,130.0,212400.0,204600.0,7800.0
Honduras,1960,291.0,291.0,0.0,17460.0,17460.0,0.0
Honduras,1961,315.0,315.0,0.0,18900.0,18900.0,0.0
Honduras,1962,405.0,405.0,0.0,24300.0,24300.0,0.0
Honduras,1963,390.0,390.0,0.0,23400.0,23400.0,0.0
Honduras,1964,479.0,479.0,0.0,28740.0,28740.0,0.0
Honduras,1965,461.0,461.0,0.0,27660.0,27660.0,0.0
Honduras,1966,431.0,431.0,0.0,25860.0,25860.0,0.0
Honduras,1967,495.0,495.0,0.0,29700.0,29700.0,0.0
Honduras,1968,514.0,514.0,0.0,30840.0,30840.0,0.0
Honduras,1969,443.0,443.0,0.0,26580.0,26580.0,0.0
Honduras,1970,545.0,545.0,0.0,32700.0,32700.0,0.0
Honduras,1971,586.0,586.0,0.0,35160.0,35160.0,0.0
Honduras,1972,759.0,759.0,0.0,45540.0,45540.0,0.0
Honduras,1973,689.0,689.0,0.0,41340.0,41340.0,0.0
Honduras,1974,983.0,983.0,0.0,58980.0,58980.0,0.0
Honduras,1975,847.0,847.0,0.0,50820.0,50820.0,0.0
Honduras,1976,691.0,691.0,0.0,41460.0,41460.0,0.0
Honduras,1977,1036.0,1036.0,0.0,62160.0,62160.0,0.0
Honduras,1978,1132.0,1132.0,0.0,67920.0,67920.0,0.0
Honduras,1979,1137.0,1137.0,0.0,68220.0,68220.0,0.0
Honduras,1980,1265.0,1265.0,0.0,75900.0,75900.0,0.0
Honduras,1981,1200.0,1200.0,0.0,72000.0,72000.0,0.0
Honduras,1982,1500.0,1500.0,0.0,90000.0,90000.0,0.0
Honduras,1983,1310.0,1310.0,0.0,78600.0,78600.0,0.0
Honduras,1984,1400.0,1400.0,0.0,84000.0,84000.0,0.0
Honduras,1985,1062.0,1062.0,0.0,63720.0,63720.0,0.0
Honduras,1986,1535.0,1535.0,0.0,92100.0,92100.0,0.0
Honduras,1987,1553.0,1553.0,0.0,93180.0,93180.0,0.0
Honduras,1988,1635.0,1635.0,0.0,98100.0,98100.0,0.0
Honduras,1989,1928.0,1928.0,0.0,115680.0,115680.0,0.0
Honduras,1990,1685.0,1685.0,0.0,101100.0,101100.0,0.0
Honduras,1991,2255.0,2255.0,0.0,135300.0,135300.0,0.0
Honduras,1992,1981.0,1981.0,0.0,118860.0,118860.0,0.0
Honduras,1993,2060.0,2060.0,0.0,123600.0,123600.0,0.0
Honduras,1994,2295.0,2295.0,0.0,137700.0,137700.0,0.0
Honduras,1995,2254.0,2254.0,0.0,135240.0,135240.0,0.0
Honduras,1996,2279.0,2279.0,0.0,136740.0,136740.0,0.0
Honduras,1997,2905.0,2905.0,0.0,174300.0,174300.0,0.0
Honduras,1998,2494.0,2494.0,0.0,149640.0,149640.0,0.0
Honduras,1999,3067.0,3067.0,0.0,184020.0,184020.0,0.0
Honduras,2000,2821.0,2821.0,0.0,169260.0,169260.0,0.0
Honduras,2001,3098.0,3098.0,0.0,185880.0,185880.0,0.0
Honduras,2002,2496.0,2496.0,0.0,149760.0,149760.0,0.0
Honduras,2003,2968.0,2968.0,0.0,178080.0,178080.0,0.0
Honduras,2004,2575.0,2575.0,0.0,154500.0,154500.0,0.0
Honduras,2005,3204.0,3204.0,0.0,192240.0,192240.0,0.0
Honduras,2006,3460.0,3460.0,0.0,207600.0,207600.0,0.0
Honduras,2007,3642.0,3642.0,0.0,218520.0,218520.0,0.0
Honduras,2008,3225.0,3225.0,0.0,193500.0,193500.0,0.0
Honduras,2009,3550.0,3550.0,0.0,213000.0,213000.0,0.0
Honduras,2010,3975.0,3975.0,0.0,238500.0,238500.0,0.0
Honduras,2011,5600.0,5600.0,0.0,336000.0,336000.0,0.0
Honduras,2012,4725.0,4725.0,0.0,283500.0,283500.0,0.0
Honduras,2013,4400.0,4400.0,0.0,264000.0,264000.0,0.0
Honduras,2014,5100.0,5100.0,0.0,306000.0,306000.0,0.0
Honduras,2015,5300.0,5300.0,0.0,318000.0,318000.0,0.0
Honduras,2016,7510.0,7510.0,0.0,450600.0,450600.0,0.0
Honduras,2017,7600.0,7600.0,0.0,456000.0,456000.0,0.0
Honduras,2018,7100.0,7100.0,0.0,426000.0,426000.0,0.0
Honduras,2019,5200.0,5200.0,0.0,312000.0,312000.0,0.0
Honduras,2020,6500.0,6500.0,0.0,390000.0,390000.0,0.0
Honduras,2021,4800.0,4800.0,0.0,288000.0,288000.0,0.0
Honduras,2022,5700.0,5700.0,0.0,342000.0,342000.0,0.0
Honduras,2023,5050.0,5050.0,0.0,303000.0,303000.0,0.0
Honduras,2024,5000.0,5000.0,0.0,300000.0,300000.0,0.0
Honduras,2025,5800.0,5800.0,0.0,348000.0,348000.0,0.0
India,1960,710.0,1225.0,515.0,73500.0,42600.0,30900.0
India,1961,489.0,769.0,280.0,46140.0,29340.0,16800.0
India,1962,620.0,1028.0,408.0,61680.0,37200.0,24480.0
India,1963,699.0,1241.0,542.0,74460.0,41940.0,32520.0
India,1964,700.0,1008.0,308.0,60480.0,42000.0,18480.0
India,1965,694.0,1154.0,460.0,69240.0,41640.0,27600.0
India,1966,738.0,1384.0,646.0,83040.0,44280.0,38760.0
India,1967,684.0,1046.0,362.0,62760.0,41040.0,21720.0
India,1968,885.0,1310.0,425.0,78600.0,53100.0,25500.0
India,1969,682.0,1148.0,466.0,68880.0,40920.0,27960.0
India,1970,1013.0,1914.0,901.0,114840.0,60780.0,54060.0
India,1971,789.0,1236.0,447.0,74160.0,47340.0,26820.0
India,1972,1104.0,1626.0,522.0,97560.0,66240.0,31320.0
India,1973,769.0,1508.0,739.0,90480.0,46140.0,44340.0
India,1974,1125.0,1662.0,537.0,99720.0,67500.0,32220.0
India,1975,885.0,1498.0,613.0,89880.0,53100.0,36780.0
India,1976,1090.0,1753.0,663.0,105180.0,65400.0,39780.0
India,1977,1132.0,2031.0,899.0,121860.0,67920.0,53940.0
India,1978,1085.0,1842.0,757.0,110520.0,65100.0,45420.0
India,1979,1189.0,2495.0,1306.0,149700.0,71340.0,78360.0
India,1980,1000.0,1977.0,977.0,118620.0,60000.0,58620.0
India,1981,1300.0,2540.0,1240.0,152400.0,78000.0,74400.0
India,1982,1241.0,2170.0,929.0,130200.0,74460.0,55740.0
India,1983,1134.0,1667.0,533.0,100020.0,68040.0,31980.0
India,1984,1330.0,3250.0,1920.0,195000.0,79800.0,115200.0
India,1985,1098.0,2033.0,935.0,121980.0,65880.0,56100.0
India,1986,1600.0,3350.0,1750.0,201000.0,96000.0,105000.0
India,1987,1080.0,2050.0,970.0,123000.0,64800.0,58200.0
India,1988,1620.0,3590.0,1970.0,215400.0,97200.0,118200.0
India,1989,1200.0,2150.0,950.0,129000.0,72000.0,57000.0
India,1990,1540.0,2970.0,1430.0,178200.0,92400.0,85800.0
India,1991,1580.0,3200.0,1620.0,192000.0,94800.0,97200.0
India,1992,1300.0,2700.0,1400.0,162000.0,78000.0,84000.0
India,1993,1475.0,3465.0,1990.0,207900.0,88500.0,119400.0
India,1994,1340.0,3060.0,1720.0,183600.0,80400.0,103200.0
India,1995,1710.0,3717.0,2007.0,223020.0,102600.0,120420.0
India,1996,1508.0,3417.0,1909.0,205020.0,90480.0,114540.0
India,1997,1655.0,3805.0,2150.0,228300.0,99300.0,129000.0
India,1998,1615.0,4415.0,2800.0,264900.0,96900.0,168000.0
India,1999,1985.0,4870.0,2885.0,292200.0,119100.0,173100.0
India,2000,1740.0,5020.0,3280.0,301200.0,104400.0,196800.0
India,2001,2350.0,5010.0,2660.0,300600.0,141000.0,159600.0
India,2002,2048.0,4588.0,2540.0,275280.0,122880.0,152400.0
India,2003,2073.0,4508.0,2435.0,270480.0,124380.0,146100.0
India,2004,1725.0,4595.0,2870.0,275700.0,103500.0,172200.0
India,2005,1570.0,4570.0,3000.0,274200.0,94200.0,180000.0
India,2006,1660.0,4800.0,3140.0,288000.0,99600.0,188400.0
India,2007,1540.0,4365.0,2825.0,261900.0,92400.0,169500.0
India,2008,1325.0,4375.0,3050.0,262500.0,79500.0,183000.0
India,2009,1575.0,4825.0,3250.0,289500.0,94500.0,195000.0
India,2010,1570.0,5035.0,3465.0,302100.0,94200.0,207900.0
India,2011,1690.0,5230.0,3540.0,313800.0,101400.0,212400.0
India,2012,1643.0,5303.0,3660.0,318180.0,98580.0,219600.0
India,2013,1703.0,5075.0,3372.0,304500.0,102180.0,202320.0
India,2014,1630.0,5440.0,3810.0,326400.0,97800.0,228600.0
India,2015,1725.0,5800.0,4075.0,348000.0,103500.0,244500.0
India,2016,1583.0,5200.0,3617.0,312000.0,94980.0,217020.0
India,2017,1583.0,5266.0,3683.0,315960.0,94980.0,220980.0
India,2018,1583.0,5325.0,3742.0,319500.0,94980.0,224520.0
India,2019,1450.0,4967.0,3517.0,298020.0,87000.0,211020.0
India,2020,1650.0,5567.0,3917.0,334020.0,99000.0,235020.0
India,2021,1583.0,5700.0,4117.0,342000.0,94980.0,247020.0
India,2022,1667.0,5867.0,4200.0,352020.0,100020.0,252000.0
India,2023,1480.0,6560.0,5080.0,393600.0,88800.0,304800.0
India,2024,1400.0,6200.0,4800.0,372000.0,84000.0,288000.0
India,2025,1350.0,6050.0,4700.0,363000.0,81000.0,282000.0
Indonesia,1960,125.0,1330.0,1202.0,79800.0,7500.0,72120.0
Indonesia,1961,131.0,1857.0,1723.0,111420.0,7860.0,103380.0
Indonesia,1962,126.0,1759.0,1630.0,105540.0,7560.0,97800.0
Indonesia,1963,155.0,2253.0,2095.0,135180.0,9300.0,125700.0
Indonesia,1964,141.0,1983.0,1839.0,118980.0,8460.0,110340.0
Indonesia,1965,153.0,2190.0,2034.0,131400.0,9180.0,122040.0
Indonesia,1966,172.0,2447.0,2272.0,146820.0,10320.0,136320.0
Indonesia,1967,207.0,3006.0,2796.0,180360.0,12420.0,167760.0
Indonesia,1968,183.0,2542.0,2356.0,152520.0,10980.0,141360.0
Indonesia,1969,186.0,2626.0,2437.0,157560.0,11160.0,146220.0
Indonesia,1970,168.0,2330.0,2159.0,139800.0,10080.0,129540.0
Indonesia,1971,174.0,2298.0,2121.0,137880.0,10440.0,127260.0
Indonesia,1972,170.0,2236.0,2063.0,134160.0,10200.0,123780.0
Indonesia,1973,191.0,2609.0,2415.0,156540.0,11460.0,144900.0
Indonesia,1974,202.0,2652.0,2447.0,159120.0,12120.0,146820.0
Indonesia,1975,226.0,3049.0,2820.0,182940.0,13560.0,169200.0
Indonesia,1976,229.0,3384.0,3152.0,203040.0,13740.0,189120.0
Indonesia,1977,242.0,3911.0,3666.0,234660.0,14520.0,219960.0
Indonesia,1978,260.0,4788.0,4528.0,287280.0,15600.0,271680.0
Indonesia,1979,229.0,4803.0,4574.0,288180.0,13740.0,274440.0
Indonesia,1980,215.0,5365.0,5150.0,321900.0,12900.0,309000.0
Indonesia,1981,231.0,5785.0,5554.0,347100.0,13860.0,333240.0
Indonesia,1982,247.0,4750.0,4503.0,285000.0,14820.0,270180.0
Indonesia,1983,297.0,5515.0,5218.0,330900.0,17820.0,313080.0
Indonesia,1984,350.0,5600.0,5250.0,336000.0,21000.0,315000.0
Indonesia,1985,400.0,5800.0,5400.0,348000.0,24000.0,324000.0
Indonesia,1986,500.0,5900.0,5400.0,354000.0,30000.0,324000.0
Indonesia,1987,405.0,5965.0,5560.0,357900.0,24300.0,333600.0
Indonesia,1988,410.0,6750.0,6340.0,405000.0,24600.0,380400.0
Indonesia,1989,415.0,7100.0,6685.0,426000.0,24900.0,401100.0
Indonesia,1990,435.0,7480.0,7045.0,448800.0,26100.0,422700.0
Indonesia,1991,435.0,7100.0,6665.0,426000.0,26100.0,399900.0
Indonesia,1992,450.0,7350.0,6900.0,441000.0,27000.0,414000.0
Indonesia,1993,490.0,7400.0,6910.0,444000.0,29400.0,414600.0
Indonesia,1994,430.0,6400.0,5970.0,384000.0,25800.0,358200.0
Indonesia,1995,375.0,5800.0,5425.0,348000.0,22500.0,325500.0
Indonesia,1996,550.0,7900.0,7350.0,474000.0,33000.0,441000.0
Indonesia,1997,450.0,7000.0,6550.0,420000.0,27000.0,393000.0
Indonesia,1998,485.0,6950.0,6465.0,417000.0,29100.0,387900.0
Indonesia,1999,460.0,6660.0,6200.0,399600.0,27600.0,372000.0
Indonesia,2000,455.0,6495.0,6040.0,389700.0,27300.0,362400.0
Indonesia,2001,495.0,6160.0,5665.0,369600.0,29700.0,339900.0
Indonesia,2002,550.0,6800.0,6250.0,408000.0,33000.0,375000.0
Indonesia,2003,650.0,7250.0,6600.0,435000.0,39000.0,396000.0
Indonesia,2004,950.0,8450.0,7500.0,507000.0,57000.0,450000.0
Indonesia,2005,1050.0,9450.0,8400.0,567000.0,63000.0,504000.0
Indonesia,2006,900.0,7500.0,6600.0,450000.0,54000.0,396000.0
Indonesia,2007,800.0,8000.0,7200.0,480000.0,48000.0,432000.0
Indonesia,2008,1300.0,10000.0,8700.0,600000.0,78000.0,522000.0
Indonesia,2009,1500.0,10500.0,9000.0,630000.0,90000.0,540000.0
Indonesia,2010,1375.0,9325.0,7950.0,559500.0,82500.0,477000.0
Indonesia,2011,1300.0,7970.0,6670.0,478200.0,78000.0,400200.0
Indonesia,2012,2000.0,11900.0,9900.0,714000.0,120000.0,594000.0
Indonesia,2013,1900.0,11900.0,10000.0,714000.0,114000.0,600000.0
Indonesia,2014,1270.0,10470.0,9200.0,628200.0,76200.0,552000.0
Indonesia,2015,1500.0,12100.0,10600.0,726000.0,90000.0,636000.0
Indonesia,2016,1300.0,10600.0,9300.0,636000.0,78000.0,558000.0
Indonesia,2017,1000.0,10400.0,9400.0,624000.0,60000.0,564000.0
Indonesia,2018,1200.0,10600.0,9400.0,636000.0,72000.0,564000.0
Indonesia,2019,1250.0,10700.0,9450.0,642000.0,75000.0,567000.0
Indonesia,2020,1300.0,10700.0,9400.0,642000.0,78000.0,564000.0
Indonesia,2021,1280.0,10580.0,9300.0,634800.0,76800.0,558000.0
Indonesia,2022,1200.0,10700.0,9500.0,642000.0,72000.0,570000.0
Indonesia,2023,1350.0,8150.0,6800.0,489000.0,81000.0,408000.0
Indonesia,2024,1400.0,10700.0,9300.0,642000.0,84000.0,558000.0
Indonesia,2025,1450.0,12450.0,11000.0,747000.0,87000.0,660000.0
Kenya,1960,566.0,566.0,0.0,33960.0,33960.0,0.0
Kenya,1961,525.0,525.0,0.0,31500.0,31500.0,0.0
Kenya,1962,635.0,635.0,0.0,38100.0,38100.0,0.0
Kenya,1963,724.0,724.0,0.0,43440.0,43440.0,0.0
Kenya,1964,730.0,730.0,0.0,43800.0,43800.0,0.0
Kenya,1965,859.0,859.0,0.0,51540.0,51540.0,0.0
Kenya,1966,923.0,923.0,0.0,55380.0,55380.0,0.0
Kenya,1967,652.0,652.0,0.0,39120.0,39120.0,0.0
Kenya,1968,803.0,803.0,0.0,48180.0,48180.0,0.0
Kenya,1969,913.0,913.0,0.0,54780.0,54780.0,0.0
Kenya,1970,999.0,999.0,0.0,59940.0,59940.0,0.0
Kenya,1971,1020.0,1020.0,0.0,61200.0,61200.0,0.0
Kenya,1972,1266.0,1266.0,0.0,75960.0,75960.0,0.0
Kenya,1973,1222.0,1222.0,0.0,73320.0,73320.0,0.0
Kenya,1974,1102.0,1102.0,0.0,66120.0,66120.0,0.0
Kenya,1975,1244.0,1244.0,0.0,74640.0,74640.0,0.0
Kenya,1976,1687.0,1687.0,0.0,101220.0,101220.0,0.0
Kenya,1977,1417.0,1417.0,0.0,85020.0,85020.0,0.0
Kenya,1978,1239.0,1239.0,0.0,74340.0,74340.0,0.0
Kenya,1979,1531.0,1531.0,0.0,91860.0,91860.0,0.0
Kenya,1980,1568.0,1568.0,0.0,94080.0,94080.0,0.0
Kenya,1981,1396.0,1396.0,0.0,83760.0,83760.0,0.0
Kenya,1982,1522.0,1522.0,0.0,91320.0,91320.0,0.0
Kenya,1983,2159.0,2160.0,1.0,129600.0,129540.0,60.0
Kenya,1984,1619.0,1620.0,1.0,97200.0,97140.0,60.0
Kenya,1985,1944.0,1945.0,1.0,116700.0,116640.0,60.0
Kenya,1986,1749.0,1750.0,1.0,105000.0,104940.0,60.0
Kenya,1987,2159.0,2160.0,1.0,129600.0,129540.0,60.0
Kenya,1988,1959.0,1960.0,1.0,117600.0,117540.0,60.0
Kenya,1989,1738.0,1740.0,2.0,104400.0,104280.0,120.0
Kenya,1990,1453.0,1455.0,2.0,87300.0,87180.0,120.0
Kenya,1991,1503.0,1505.0,2.0,90300.0,90180.0,120.0
Kenya,1992,1215.0,1217.0,2.0,73020.0,72900.0,120.0
Kenya,1993,1228.0,1230.0,2.0,73800.0,73680.0,120.0
Kenya,1994,1582.0,1584.0,2.0,95040.0,94920.0,120.0
Kenya,1995,1808.0,1810.0,2.0,108600.0,108480.0,120.0
Kenya,1996,1136.0,1138.0,2.0,68280.0,68160.0,120.0
Kenya,1997,1026.0,1028.0,2.0,61680.0,61560.0,120.0
Kenya,1998,1146.0,1148.0,2.0,68880.0,68760.0,120.0
Kenya,1999,1683.0,1685.0,2.0,101100.0,100980.0,120.0
Kenya,2000,862.0,864.0,2.0,51840.0,51720.0,120.0
Kenya,2001,867.0,869.0,2.0,52140.0,52020.0,120.0
Kenya,2002,924.0,926.0,2.0,55560.0,55440.0,120.0
Kenya,2003,845.0,847.0,2.0,50820.0,50700.0,120.0
Kenya,2004,754.0,756.0,2.0,45360.0,45240.0,120.0
Kenya,2005,805.0,805.0,0.0,48300.0,48300.0,0.0
Kenya,2006,876.0,876.0,0.0,52560.0,52560.0,0.0
Kenya,2007,750.0,750.0,0.0,45000.0,45000.0,0.0
Kenya,2008,900.0,900.0,0.0,54000.0,54000.0,0.0
Kenya,2009,900.0,900.0,0.0,54000.0,54000.0,0.0
Kenya,2010,710.0,710.0,0.0,42600.0,42600.0,0.0
Kenya,2011,750.0,750.0,0.0,45000.0,45000.0,0.0
Kenya,2012,660.0,660.0,0.0,39600.0,39600.0,0.0
Kenya,2013,850.0,850.0,0.0,51000.0,51000.0,0.0
Kenya,2014,780.0,780.0,0.0,46800.0,46800.0,0.0
Kenya,2015,750.0,750.0,0.0,45000.0,45000.0,0.0
Kenya,2016,850.0,850.0,0.0,51000.0,51000.0,0.0
Kenya,2017,720.0,720.0,0.0,43200.0,43200.0,0.0
Kenya,2018,850.0,850.0,0.0,51000.0,51000.0,0.0
Kenya,2019,750.0,750.0,0.0,45000.0,45000.0,0.0
Kenya,2020,693.0,693.0,0.0,41580.0,41580.0,0.0
Kenya,2021,860.0,860.0,0.0,51600.0,51600.0,0.0
Kenya,2022,750.0,750.0,0.0,45000.0,45000.0,0.0
Kenya,2023,825.0,825.0,0.0,49500.0,49500.0,0.0
Kenya,2024,1000.0,1000.0,0.0,60000.0,60000.0,0.0
Kenya,2025,850.0,850.0,0.0,51000.0,51000.0,0.0
Mexico,1960,2100.0,2100.0,0.0,126000.0,126000.0,0.0
Mexico,1961,2350.0,2350.0,0.0,141000.0,141000.0,0.0
Mexico,1962,2202.0,2202.0,0.0,132120.0,132120.0,0.0
Mexico,1963,2900.0,2900.0,0.0,174000.0,174000.0,0.0
Mexico,1964,2650.0,2650.0,0.0,159000.0,159000.0,0.0
Mexico,1965,3000.0,3000.0,0.0,180000.0,180000.0,0.0
Mexico,1966,2700.0,2700.0,0.0,162000.0,162000.0,0.0
Mexico,1967,2900.0,2900.0,0.0,174000.0,174000.0,0.0
Mexico,1968,2865.0,2865.0,0.0,171900.0,171900.0,0.0
Mexico,1969,3082.0,3082.0,0.0,184920.0,184920.0,0.0
Mexico,1970,3200.0,3200.0,0.0,192000.0,192000.0,0.0
Mexico,1971,3400.0,3400.0,0.0,204000.0,204000.0,0.0
Mexico,1972,3914.0,3914.0,0.0,234840.0,234840.0,0.0
Mexico,1973,3500.0,3500.0,0.0,210000.0,210000.0,0.0
Mexico,1974,4025.0,4030.0,5.0,241800.0,241500.0,300.0
Mexico,1975,4126.0,4136.0,10.0,248160.0,247560.0,600.0
Mexico,1976,3411.0,3431.0,20.0,205860.0,204660.0,1200.0
Mexico,1977,3271.0,3301.0,30.0,198060.0,196260.0,1800.0
Mexico,1978,3977.0,4022.0,45.0,241320.0,238620.0,2700.0
Mexico,1979,3540.0,3600.0,60.0,216000.0,212400.0,3600.0
Mexico,1980,3787.0,3862.0,75.0,231720.0,227220.0,4500.0
Mexico,1981,3815.0,3900.0,85.0,234000.0,228900.0,5100.0
Mexico,1982,4430.0,4530.0,100.0,271800.0,265800.0,6000.0
Mexico,1983,4420.0,4530.0,110.0,271800.0,265200.0,6600.0
Mexico,1984,4160.0,4250.0,90.0,255000.0,249600.0,5400.0
Mexico,1985,4726.0,4826.0,100.0,289560.0,283560.0,6000.0
Mexico,1986,5197.0,5297.0,100.0,317820.0,311820.0,6000.0
Mexico,1987,4617.0,4717.0,100.0,283020.0,277020.0,6000.0
Mexico,1988,5250.0,5500.0,250.0,330000.0,315000.0,15000.0
Mexico,1989,4900.0,5100.0,200.0,306000.0,294000.0,12000.0
Mexico,1990,4350.0,4550.0,200.0,273000.0,261000.0,12000.0
Mexico,1991,4470.0,4620.0,150.0,277200.0,268200.0,9000.0
Mexico,1992,3980.0,4180.0,200.0,250800.0,238800.0,12000.0
Mexico,1993,4000.0,4200.0,200.0,252000.0,240000.0,12000.0
Mexico,1994,3870.0,4030.0,160.0,241800.0,232200.0,9600.0
Mexico,1995,5200.0,5400.0,200.0,324000.0,312000.0,12000.0
Mexico,1996,5100.0,5300.0,200.0,318000.0,306000.0,12000.0
Mexico,1997,4800.0,4950.0,150.0,297000.0,288000.0,9000.0
Mexico,1998,4860.0,5010.0,150.0,300600.0,291600.0,9000.0
Mexico,1999,5993.0,6193.0,200.0,371580.0,359580.0,12000.0
Mexico,2000,4600.0,4800.0,200.0,288000.0,276000.0,12000.0
Mexico,2001,4000.0,4200.0,200.0,252000.0,240000.0,12000.0
Mexico,2002,4200.0,4350.0,150.0,261000.0,252000.0,9000.0
Mexico,2003,4200.0,4300.0,100.0,258000.0,252000.0,6000.0
Mexico,2004,3900.0,4000.0,100.0,240000.0,234000.0,6000.0
Mexico,2005,4000.0,4200.0,200.0,252000.0,240000.0,12000.0
Mexico,2006,4300.0,4500.0,200.0,270000.0,258000.0,12000.0
Mexico,2007,4100.0,4350.0,250.0,261000.0,246000.0,15000.0
Mexico,2008,4300.0,4550.0,250.0,273000.0,258000.0,15000.0
Mexico,2009,3950.0,4150.0,200.0,249000.0,237000.0,12000.0
Mexico,2010,3800.0,4000.0,200.0,240000.0,228000.0,12000.0
Mexico,2011,4100.0,4300.0,200.0,258000.0,246000.0,12000.0
Mexico,2012,4450.0,4650.0,200.0,279000.0,267000.0,12000.0
Mexico,2013,3750.0,3950.0,200.0,237000.0,225000.0,12000.0
Mexico,2014,2980.0,3180.0,200.0,190800.0,178800.0,12000.0
Mexico,2015,2125.0,2300.0,175.0,138000.0,127500.0,10500.0
Mexico,2016,3100.0,3300.0,200.0,198000.0,186000.0,12000.0
Mexico,2017,3800.0,4000.0,200.0,240000.0,228000.0,12000.0
Mexico,2018,3100.0,3550.0,450.0,213000.0,186000.0,27000.0
Mexico,2019,3150.0,3700.0,550.0,222000.0,189000.0,33000.0
Mexico,2020,3000.0,3530.0,530.0,211800.0,180000.0,31800.0
Mexico,2021,3200.0,3740.0,540.0,224400.0,192000.0,32400.0
Mexico,2022,3000.0,3545.0,545.0,212700.0,180000.0,32700.0
Mexico,2023,3356.0,3856.0,500.0,231360.0,201360.0,30000.0
Mexico,2024,3530.0,3870.0,340.0,232200.0,211800.0,20400.0
Mexico,2025,3540.0,3903.0,363.0,234180.0,212400.0,21780.0
Nicaragua,1960,437.0,437.0,0.0,26220.0,26220.0,0.0
Nicaragua,1961,432.0,432.0,0.0,25920.0,25920.0,0.0
Nicaragua,1962,535.0,535.0,0.0,32100.0,32100.0,0.0
Nicaragua,1963,533.0,533.0,0.0,31980.0,31980.0,0.0
Nicaragua,1964,610.0,610.0,0.0,36600.0,36600.0,0.0
Nicaragua,1965,513.0,513.0,0.0,30780.0,30780.0,0.0
Nicaragua,1966,421.0,421.0,0.0,25260.0,25260.0,0.0
Nicaragua,1967,556.0,556.0,0.0,33360.0,33360.0,0.0
Nicaragua,1968,504.0,504.0,0.0,30240.0,30240.0,0.0
Nicaragua,1969,563.0,563.0,0.0,33780.0,33780.0,0.0
Nicaragua,1970,641.0,641.0,0.0,38460.0,38460.0,0.0
Nicaragua,1971,725.0,725.0,0.0,43500.0,43500.0,0.0
Nicaragua,1972,537.0,537.0,0.0,32220.0,32220.0,0.0
Nicaragua,1973,683.0,683.0,0.0,40980.0,40980.0,0.0
Nicaragua,1974,730.0,730.0,0.0,43800.0,43800.0,0.0
Nicaragua,1975,790.0,790.0,0.0,47400.0,47400.0,0.0
Nicaragua,1976,852.0,852.0,0.0,51120.0,51120.0,0.0
Nicaragua,1977,967.0,967.0,0.0,58020.0,58020.0,0.0
Nicaragua,1978,1004.0,1004.0,0.0,60240.0,60240.0,0.0
Nicaragua,1979,1019.0,1019.0,0.0,61140.0,61140.0,0.0
Nicaragua,1980,971.0,971.0,0.0,58260.0,58260.0,0.0
Nicaragua,1981,1004.0,1004.0,0.0,60240.0,60240.0,0.0
Nicaragua,1982,1186.0,1186.0,0.0,71160.0,71160.0,0.0
Nicaragua,1983,809.0,809.0,0.0,48540.0,48540.0,0.0
Nicaragua,1984,843.0,843.0,0.0,50580.0,50580.0,0.0
Nicaragua,1985,581.0,581.0,0.0,34860.0,34860.0,0.0
Nicaragua,1986,712.0,712.0,0.0,42720.0,42720.0,0.0
Nicaragua,1987,635.0,635.0,0.0,38100.0,38100.0,0.0
Nicaragua,1988,714.0,714.0,0.0,42840.0,42840.0,0.0
Nicaragua,1989,743.0,743.0,0.0,44580.0,44580.0,0.0
Nicaragua,1990,460.0,460.0,0.0,27600.0,27600.0,0.0
Nicaragua,1991,782.0,782.0,0.0,46920.0,46920.0,0.0
Nicaragua,1992,545.0,545.0,0.0,32700.0,32700.0,0.0
Nicaragua,1993,695.0,695.0,0.0,41700.0,41700.0,0.0
Nicaragua,1994,685.0,685.0,0.0,41100.0,41100.0,0.0
Nicaragua,1995,986.0,986.0,0.0,59160.0,59160.0,0.0
Nicaragua,1996,831.0,831.0,0.0,49860.0,49860.0,0.0
Nicaragua,1997,1083.0,1083.0,0.0,64980.0,64980.0,0.0
Nicaragua,1998,1079.0,1079.0,0.0,64740.0,64740.0,0.0
Nicaragua,1999,1514.0,1514.0,0.0,90840.0,90840.0,0.0
Nicaragua,2000,1610.0,1610.0,0.0,96600.0,96600.0,0.0
Nicaragua,2001,895.0,895.0,0.0,53700.0,53700.0,0.0
Nicaragua,2002,1200.0,1200.0,0.0,72000.0,72000.0,0.0
Nicaragua,2003,1547.0,1547.0,0.0,92820.0,92820.0,0.0
Nicaragua,2004,1130.0,1130.0,0.0,67800.0,67800.0,0.0
Nicaragua,2005,1718.0,1718.0,0.0,103080.0,103080.0,0.0
Nicaragua,2006,1300.0,1300.0,0.0,78000.0,78000.0,0.0
Nicaragua,2007,1850.0,1850.0,0.0,111000.0,111000.0,0.0
Nicaragua,2008,1650.0,1650.0,0.0,99000.0,99000.0,0.0
Nicaragua,2009,1925.0,1925.0,0.0,115500.0,115500.0,0.0
Nicaragua,2010,1740.0,1740.0,0.0,104400.0,104400.0,0.0
Nicaragua,2011,2100.0,2100.0,0.0,126000.0,126000.0,0.0
Nicaragua,2012,1925.0,1925.0,0.0,115500.0,115500.0,0.0
Nicaragua,2013,2000.0,2000.0,0.0,120000.0,120000.0,0.0
Nicaragua,2014,2100.0,2125.0,25.0,127500.0,126000.0,1500.0
Nicaragua,2015,2100.0,2125.0,25.0,127500.0,126000.0,1500.0
Nicaragua,2016,2600.0,2625.0,25.0,157500.0,156000.0,1500.0
Nicaragua,2017,2700.0,2730.0,30.0,163800.0,162000.0,1800.0
Nicaragua,2018,2900.0,2950.0,50.0,177000.0,174000.0,3000.0
Nicaragua,2019,2675.0,2755.0,80.0,165300.0,160500.0,4800.0
Nicaragua,2020,2550.0,2650.0,100.0,159000.0,153000.0,6000.0
Nicaragua,2021,2718.0,2838.0,120.0,170280.0,163080.0,7200.0
Nicaragua,2022,2430.0,2590.0,160.0,155400.0,145800.0,9600.0
Nicaragua,2023,2187.0,2347.0,160.0,140820.0,131220.0,9600.0
Nicaragua,2024,2400.0,2560.0,160.0,153600.0,144000.0,9600.0
Nicaragua,2025,2420.0,2580.0,160.0,154800.0,145200.0,9600.0
Peru,1960,598.0,598.0,0.0,35880.0,35880.0,0.0
Peru,1961,670.0,670.0,0.0,40200.0,40200.0,0.0
Peru,1962,827.0,827.0,0.0,49620.0,49620.0,0.0
Peru,1963,800.0,800.0,0.0,48000.0,48000.0,0.0
Peru,1964,872.0,872.0,0.0,52320.0,52320.0,0.0
Peru,1965,826.0,826.0,0.0,49560.0,49560.0,0.0
Peru,1966,789.0,789.0,0.0,47340.0,47340.0,0.0
Peru,1967,952.0,952.0,0.0,57120.0,57120.0,0.0
Peru,1968,940.0,940.0,0.0,56400.0,56400.0,0.0
Peru,1969,951.0,951.0,0.0,57060.0,57060.0,0.0
Peru,1970,1114.0,1114.0,0.0,66840.0,66840.0,0.0
Peru,1971,947.0,947.0,0.0,56820.0,56820.0,0.0
Peru,1972,1087.0,1087.0,0.0,65220.0,65220.0,0.0
Peru,1973,949.0,949.0,0.0,56940.0,56940.0,0.0
Peru,1974,875.0,875.0,0.0,52500.0,52500.0,0.0
Peru,1975,881.0,881.0,0.0,52860.0,52860.0,0.0
Peru,1976,947.0,947.0,0.0,56820.0,56820.0,0.0
Peru,1977,1050.0,1050.0,0.0,63000.0,63000.0,0.0
Peru,1978,1130.0,1130.0,0.0,67800.0,67800.0,0.0
Peru,1979,1265.0,1265.0,0.0,75900.0,75900.0,0.0
Peru,1980,1170.0,1170.0,0.0,70200.0,70200.0,0.0
Peru,1981,1100.0,1100.0,0.0,66000.0,66000.0,0.0
Peru,1982,1100.0,1100.0,0.0,66000.0,66000.0,0.0
Peru,1983,1270.0,1270.0,0.0,76200.0,76200.0,0.0
Peru,1984,1150.0,1150.0,0.0,69000.0,69000.0,0.0
Peru,1985,1250.0,1250.0,0.0,75000.0,75000.0,0.0
Peru,1986,1200.0,1200.0,0.0,72000.0,72000.0,0.0
Peru,1987,1020.0,1020.0,0.0,61200.0,61200.0,0.0
Peru,1988,1400.0,1400.0,0.0,84000.0,84000.0,0.0
Peru,1989,1400.0,1400.0,0.0,84000.0,84000.0,0.0
Peru,1990,1170.0,1170.0,0.0,70200.0,70200.0,0.0
Peru,1991,1150.0,1150.0,0.0,69000.0,69000.0,0.0
Peru,1992,1190.0,1190.0,0.0,71400.0,71400.0,0.0
Peru,1993,1022.0,1022.0,0.0,61320.0,61320.0,0.0
Peru,1994,1453.0,1453.0,0.0,87180.0,87180.0,0.0
Peru,1995,1811.0,1811.0,0.0,108660.0,108660.0,0.0
Peru,1996,1583.0,1583.0,0.0,94980.0,94980.0,0.0
Peru,1997,1820.0,1820.0,0.0,109200.0,109200.0,0.0
Peru,1998,1980.0,1980.0,0.0,118800.0,118800.0,0.0
Peru,1999,2571.0,2571.0,0.0,154260.0,154260.0,0.0
Peru,2000,2824.0,2824.0,0.0,169440.0,169440.0,0.0
Peru,2001,2550.0,2550.0,0.0,153000.0,153000.0,0.0
Peru,2002,2760.0,2760.0,0.0,165600.0,165600.0,0.0
Peru,2003,2870.0,2870.0,0.0,172200.0,172200.0,0.0
Peru,2004,3550.0,3550.0,0.0,213000.0,213000.0,0.0
Peru,2005,2420.0,2420.0,0.0,145200.0,145200.0,0.0
Peru,2006,4400.0,4400.0,0.0,264000.0,264000.0,0.0
Peru,2007,2800.0,2800.0,0.0,168000.0,168000.0,0.0
Peru,2008,4000.0,4000.0,0.0,240000.0,240000.0,0.0
Peru,2009,3300.0,3300.0,0.0,198000.0,198000.0,0.0
Peru,2010,4100.0,4100.0,0.0,246000.0,246000.0,0.0
Peru,2011,5200.0,5200.0,0.0,312000.0,312000.0,0.0
Peru,2012,4300.0,4300.0,0.0,258000.0,258000.0,0.0
Peru,2013,4250.0,4250.0,0.0,255000.0,255000.0,0.0
Peru,2014,2900.0,2900.0,0.0,174000.0,174000.0,0.0
Peru,2015,3500.0,3500.0,0.0,210000.0,210000.0,0.0
Peru,2016,4225.0,4225.0,0.0,253500.0,253500.0,0.0
Peru,2017,4375.0,4375.0,0.0,262500.0,262500.0,0.0
Peru,2018,4390.0,4390.0,0.0,263400.0,263400.0,0.0
Peru,2019,3925.0,3925.0,0.0,235500.0,235500.0,0.0
Peru,2020,3369.0,3369.0,0.0,202140.0,202140.0,0.0
Peru,2021,4200.0,4200.0,0.0,252000.0,252000.0,0.0
Peru,2022,3475.0,3475.0,0.0,208500.0,208500.0,0.0
Peru,2023,3912.0,3912.0,0.0,234720.0,234720.0,0.0
Peru,2024,3700.0,3700.0,0.0,222000.0,222000.0,0.0
Peru,2025,4200.0,4200.0,0.0,252000.0,252000.0,0.0
Rwanda,1960,187.0,187.0,0.0,11220.0,11220.0,0.0
Rwanda,1961,161.0,161.0,0.0,9660.0,9660.0,0.0
Rwanda,1962,192.0,192.0,0.0,11520.0,11520.0,0.0
Rwanda,1963,83.0,83.0,0.0,4980.0,4980.0,0.0
Rwanda,1964,177.0,177.0,0.0,10620.0,10620.0,0.0
Rwanda,1965,167.0,167.0,0.0,10020.0,10020.0,0.0
Rwanda,1966,146.0,146.0,0.0,8760.0,8760.0,0.0
Rwanda,1967,197.0,197.0,0.0,11820.0,11820.0,0.0
Rwanda,1968,192.0,192.0,0.0,11520.0,11520.0,0.0
Rwanda,1969,208.0,208.0,0.0,12480.0,12480.0,0.0
Rwanda,1970,246.0,246.0,0.0,14760.0,14760.0,0.0
Rwanda,1971,257.0,257.0,0.0,15420.0,15420.0,0.0
Rwanda,1972,184.0,184.0,0.0,11040.0,11040.0,0.0
Rwanda,1973,435.0,435.0,0.0,26100.0,26100.0,0.0
Rwanda,1974,497.0,497.0,0.0,29820.0,29820.0,0.0
Rwanda,1975,434.0,434.0,0.0,26040.0,26040.0,0.0
Rwanda,1976,531.0,531.0,0.0,31860.0,31860.0,0.0
Rwanda,1977,362.0,362.0,0.0,21720.0,21720.0,0.0
Rwanda,1978,311.0,311.0,0.0,18660.0,18660.0,0.0
Rwanda,1979,501.0,501.0,0.0,30060.0,30060.0,0.0
Rwanda,1980,506.0,506.0,0.0,30360.0,30360.0,0.0
Rwanda,1981,502.0,502.0,0.0,30120.0,30120.0,0.0
Rwanda,1982,377.0,377.0,0.0,22620.0,22620.0,0.0
Rwanda,1983,536.0,536.0,0.0,32160.0,32160.0,0.0
Rwanda,1984,542.0,542.0,0.0,32520.0,32520.0,0.0
Rwanda,1985,717.0,717.0,0.0,43020.0,43020.0,0.0
Rwanda,1986,643.0,643.0,0.0,38580.0,38580.0,0.0
Rwanda,1987,705.0,705.0,0.0,42300.0,42300.0,0.0
Rwanda,1988,679.0,679.0,0.0,40740.0,40740.0,0.0
Rwanda,1989,561.0,561.0,0.0,33660.0,33660.0,0.0
Rwanda,1990,619.0,619.0,0.0,37140.0,37140.0,0.0
Rwanda,1991,550.0,550.0,0.0,33000.0,33000.0,0.0
Rwanda,1992,650.0,650.0,0.0,39000.0,39000.0,0.0
Rwanda,1993,443.0,443.0,0.0,26580.0,26580.0,0.0
Rwanda,1994,22.0,22.0,0.0,1320.0,1320.0,0.0
Rwanda,1995,330.0,330.0,0.0,19800.0,19800.0,0.0
Rwanda,1996,293.0,293.0,0.0,17580.0,17580.0,0.0
Rwanda,1997,194.0,194.0,0.0,11640.0,11640.0,0.0
Rwanda,1998,222.0,222.0,0.0,13320.0,13320.0,0.0
Rwanda,1999,308.0,308.0,0.0,18480.0,18480.0,0.0
Rwanda,2000,273.0,273.0,0.0,16380.0,16380.0,0.0
Rwanda,2001,296.0,296.0,0.0,17760.0,17760.0,0.0
Rwanda,2002,320.0,320.0,0.0,19200.0,19200.0,0.0
Rwanda,2003,266.0,266.0,0.0,15960.0,15960.0,0.0
Rwanda,2004,317.0,317.0,0.0,19020.0,19020.0,0.0
Rwanda,2005,340.0,340.0,0.0,20400.0,20400.0,0.0
Rwanda,2006,400.0,400.0,0.0,24000.0,24000.0,0.0
Rwanda,2007,230.0,230.0,0.0,13800.0,13800.0,0.0
Rwanda,2008,340.0,340.0,0.0,20400.0,20400.0,0.0
Rwanda,2009,240.0,240.0,0.0,14400.0,14400.0,0.0
Rwanda,2010,317.0,317.0,0.0,19020.0,19020.0,0.0
Rwanda,2011,245.0,245.0,0.0,14700.0,14700.0,0.0
Rwanda,2012,260.0,260.0,0.0,15600.0,15600.0,0.0
Rwanda,2013,250.0,250.0,0.0,15000.0,15000.0,0.0
Rwanda,2014,240.0,240.0,0.0,14400.0,14400.0,0.0
Rwanda,2015,300.0,300.0,0.0,18000.0,18000.0,0.0
Rwanda,2016,230.0,230.0,0.0,13800.0,13800.0,0.0
Rwanda,2017,275.0,275.0,0.0,16500.0,16500.0,0.0
Rwanda,2018,275.0,275.0,0.0,16500.0,16500.0,0.0
Rwanda,2019,350.0,350.0,0.0,21000.0,21000.0,0.0
Rwanda,2020,300.0,300.0,0.0,18000.0,18000.0,0.0
Rwanda,2021,270.0,270.0,0.0,16200.0,16200.0,0.0
Rwanda,2022,275.0,275.0,0.0,16500.0,16500.0,0.0
Rwanda,2023,360.0,360.0,0.0,21600.0,21600.0,0.0
Rwanda,2024,300.0,300.0,0.0,18000.0,18000.0,0.0
Rwanda,2025,350.0,350.0,0.0,21000.0,21000.0,0.0
Tanzania,1960,308.0,462.0,154.0,27720.0,18480.0,9240.0
Tanzania,1961,200.0,300.0,100.0,18000.0,12000.0,6000.0
Tanzania,1962,300.0,448.0,148.0,26880.0,18000.0,8880.0
Tanzania,1963,340.0,509.0,169.0,30540.0,20400.0,10140.0
Tanzania,1964,352.0,528.0,176.0,31680.0,21120.0,10560.0
Tanzania,1965,507.0,760.0,253.0,45600.0,30420.0,15180.0
Tanzania,1966,563.0,844.0,281.0,50640.0,33780.0,16860.0
Tanzania,1967,418.0,627.0,209.0,37620.0,25080.0,12540.0
Tanzania,1968,610.0,951.0,341.0,57060.0,36600.0,20460.0
Tanzania,1969,400.0,599.0,199.0,35940.0,24000.0,11940.0
Tanzania,1970,606.0,909.0,303.0,54540.0,36360.0,18180.0
Tanzania,1971,606.0,908.0,302.0,54480.0,36360.0,18120.0
Tanzania,1972,749.0,1123.0,374.0,67380.0,44940.0,22440.0
Tanzania,1973,331.0,496.0,165.0,29760.0,19860.0,9900.0
Tanzania,1974,624.0,935.0,311.0,56100.0,37440.0,18660.0
Tanzania,1975,640.0,959.0,319.0,57540.0,38400.0,19140.0
Tanzania,1976,537.0,805.0,268.0,48300.0,32220.0,16080.0
Tanzania,1977,577.0,835.0,258.0,50100.0,34620.0,15480.0
Tanzania,1978,571.0,856.0,285.0,51360.0,34260.0,17100.0
Tanzania,1979,475.0,761.0,286.0,45660.0,28500.0,17160.0
Tanzania,1980,819.0,1060.0,241.0,63600.0,49140.0,14460.0
Tanzania,1981,737.0,959.0,222.0,57540.0,44220.0,13320.0
Tanzania,1982,801.0,1033.0,232.0,61980.0,48060.0,13920.0
Tanzania,1983,625.0,843.0,218.0,50580.0,37500.0,13080.0
Tanzania,1984,600.0,796.0,196.0,47760.0,36000.0,11760.0
Tanzania,1985,642.0,867.0,225.0,52020.0,38520.0,13500.0
Tanzania,1986,503.0,701.0,198.0,42060.0,30180.0,11880.0
Tanzania,1987,638.0,818.0,180.0,49080.0,38280.0,10800.0
Tanzania,1988,759.0,962.0,203.0,57720.0,45540.0,12180.0
Tanzania,1989,613.0,888.0,275.0,53280.0,36780.0,16500.0
Tanzania,1990,553.0,763.0,210.0,45780.0,33180.0,12600.0
Tanzania,1991,640.0,790.0,150.0,47400.0,38400.0,9000.0
Tanzania,1992,792.0,992.0,200.0,59520.0,47520.0,12000.0
Tanzania,1993,626.0,736.0,110.0,44160.0,37560.0,6600.0
Tanzania,1994,475.0,680.0,205.0,40800.0,28500.0,12300.0
Tanzania,1995,754.0,897.0,143.0,53820.0,45240.0,8580.0
Tanzania,1996,572.0,765.0,193.0,45900.0,34320.0,11580.0
Tanzania,1997,427.0,624.0,197.0,37440.0,25620.0,11820.0
Tanzania,1998,493.0,739.0,246.0,44340.0,29580.0,14760.0
Tanzania,1999,623.0,842.0,219.0,50520.0,37380.0,13140.0
Tanzania,2000,628.0,809.0,181.0,48540.0,37680.0,10860.0
Tanzania,2001,449.0,624.0,175.0,37440.0,26940.0,10500.0
Tanzania,2002,478.0,824.0,346.0,49440.0,28680.0,20760.0
Tanzania,2003,379.0,612.0,233.0,36720.0,22740.0,13980.0
Tanzania,2004,570.0,1070.0,500.0,64200.0,34200.0,30000.0
Tanzania,2005,460.0,610.0,150.0,36600.0,27600.0,9000.0
Tanzania,2006,590.0,915.0,325.0,54900.0,35400.0,19500.0
Tanzania,2007,490.0,740.0,250.0,44400.0,29400.0,15000.0
Tanzania,2008,650.0,1150.0,500.0,69000.0,39000.0,30000.0
Tanzania,2009,400.0,600.0,200.0,36000.0,24000.0,12000.0
Tanzania,2010,600.0,1050.0,450.0,63000.0,36000.0,27000.0
Tanzania,2011,365.0,565.0,200.0,33900.0,21900.0,12000.0
Tanzania,2012,610.0,1180.0,570.0,70800.0,36600.0,34200.0
Tanzania,2013,450.0,800.0,350.0,48000.0,27000.0,21000.0
Tanzania,2014,600.0,1150.0,550.0,69000.0,36000.0,33000.0
Tanzania,2015,600.0,1100.0,500.0,66000.0,36000.0,30000.0
Tanzania,2016,550.0,1050.0,500.0,63000.0,33000.0,30000.0
Tanzania,2017,600.0,1150.0,550.0,69000.0,36000.0,33000.0
Tanzania,2018,650.0,1200.0,550.0,72000.0,39000.0,33000.0
Tanzania,2019,625.0,1200.0,575.0,72000.0,37500.0,34500.0
Tanzania,2020,600.0,1125.0,525.0,67500.0,36000.0,31500.0
Tanzania,2021,650.0,1200.0,550.0,72000.0,39000.0,33000.0
Tanzania,2022,650.0,1200.0,550.0,72000.0,39000.0,33000.0
Tanzania,2023,750.0,1350.0,600.0,81000.0,45000.0,36000.0
Tanzania,2024,700.0,1350.0,650.0,81000.0,42000.0,39000.0
Tanzania,2025,750.0,1450.0,700.0,87000.0,45000.0,42000.0
Uganda,1960,150.0,1925.0,1775.0,115500.0,9000.0,106500.0
Uganda,1961,150.0,2023.0,1873.0,121380.0,9000.0,112380.0
Uganda,1962,220.0,2951.0,2731.0,177060.0,13200.0,163860.0
Uganda,1963,190.0,2534.0,2344.0,152040.0,11400.0,140640.0
Uganda,1964,175.0,2453.0,2278.0,147180.0,10500.0,136680.0
Uganda,1965,250.0,2578.0,2328.0,154680.0,15000.0,139680.0
Uganda,1966,200.0,2737.0,2537.0,164220.0,12000.0,152220.0
Uganda,1967,250.0,2278.0,2028.0,136680.0,15000.0,121680.0
Uganda,1968,410.0,4118.0,3708.0,247080.0,24600.0,222480.0
Uganda,1969,260.0,3279.0,3019.0,196740.0,15600.0,181140.0
Uganda,1970,220.0,2667.0,2447.0,160020.0,13200.0,146820.0
Uganda,1971,380.0,2883.0,2503.0,172980.0,22800.0,150180.0
Uganda,1972,400.0,4180.0,3780.0,250800.0,24000.0,226800.0
Uganda,1973,240.0,3266.0,3026.0,195960.0,14400.0,181560.0
Uganda,1974,270.0,3331.0,3061.0,199860.0,16200.0,183660.0
Uganda,1975,150.0,2214.0,2064.0,132840.0,9000.0,123840.0
Uganda,1976,200.0,2660.0,2460.0,159600.0,12000.0,147600.0
Uganda,1977,150.0,1928.0,1778.0,115680.0,9000.0,106680.0
Uganda,1978,150.0,1944.0,1794.0,116640.0,9000.0,107640.0
Uganda,1979,175.0,2042.0,1867.0,122520.0,10500.0,112020.0
Uganda,1980,170.0,2133.0,1963.0,127980.0,10200.0,117780.0
Uganda,1981,190.0,2885.0,2695.0,173100.0,11400.0,161700.0
Uganda,1982,220.0,3000.0,2780.0,180000.0,13200.0,166800.0
Uganda,1983,210.0,2700.0,2490.0,162000.0,12600.0,149400.0
Uganda,1984,200.0,2800.0,2600.0,168000.0,12000.0,156000.0
Uganda,1985,200.0,2700.0,2500.0,162000.0,12000.0,150000.0
Uganda,1986,180.0,2700.0,2520.0,162000.0,10800.0,151200.0
Uganda,1987,180.0,2600.0,2420.0,156000.0,10800.0,145200.0
Uganda,1988,375.0,3300.0,2925.0,198000.0,22500.0,175500.0
Uganda,1989,285.0,2500.0,2215.0,150000.0,17100.0,132900.0
Uganda,1990,180.0,2700.0,2520.0,162000.0,10800.0,151200.0
Uganda,1991,200.0,2900.0,2700.0,174000.0,12000.0,162000.0
Uganda,1992,200.0,2800.0,2600.0,168000.0,12000.0,156000.0
Uganda,1993,200.0,2700.0,2500.0,162000.0,12000.0,150000.0
Uganda,1994,200.0,3100.0,2900.0,186000.0,12000.0,174000.0
Uganda,1995,200.0,4200.0,4000.0,252000.0,12000.0,240000.0
Uganda,1996,408.0,4297.0,3889.0,257820.0,24480.0,233340.0
Uganda,1997,325.0,3032.0,2707.0,181920.0,19500.0,162420.0
Uganda,1998,436.0,3640.0,3204.0,218400.0,26160.0,192240.0
Uganda,1999,436.0,3708.0,3272.0,222480.0,26160.0,196320.0
Uganda,2000,355.0,3097.0,2742.0,185820.0,21300.0,164520.0
Uganda,2001,415.0,3265.0,2850.0,195900.0,24900.0,171000.0
Uganda,2002,450.0,2756.0,2306.0,165360.0,27000.0,138360.0
Uganda,2003,524.0,2745.0,2221.0,164700.0,31440.0,133260.0
Uganda,2004,545.0,2694.0,2149.0,161640.0,32700.0,128940.0
Uganda,2005,625.0,2175.0,1550.0,130500.0,37500.0,93000.0
Uganda,2006,579.0,2905.0,2326.0,174300.0,34740.0,139560.0
Uganda,2007,508.0,3490.0,2982.0,209400.0,30480.0,178920.0
Uganda,2008,650.0,3260.0,2610.0,195600.0,39000.0,156600.0
Uganda,2009,818.0,2870.0,2052.0,172200.0,49080.0,123120.0
Uganda,2010,644.0,3212.0,2568.0,192720.0,38640.0,154080.0
Uganda,2011,875.0,3075.0,2200.0,184500.0,52500.0,132000.0
Uganda,2012,800.0,3600.0,2800.0,216000.0,48000.0,168000.0
Uganda,2013,850.0,3850.0,3000.0,231000.0,51000.0,180000.0
Uganda,2014,800.0,3500.0,2700.0,210000.0,48000.0,162000.0
Uganda,2015,950.0,3550.0,2600.0,213000.0,57000.0,156000.0
Uganda,2016,1100.0,4875.0,3775.0,292500.0,66000.0,226500.0
Uganda,2017,1200.0,4600.0,3400.0,276000.0,72000.0,204000.0
Uganda,2018,1050.0,4650.0,3600.0,279000.0,63000.0,216000.0
Uganda,2019,1025.0,5475.0,4450.0,328500.0,61500.0,267000.0
Uganda,2020,730.0,6630.0,5900.0,397800.0,43800.0,354000.0
Uganda,2021,990.0,6050.0,5060.0,363000.0,59400.0,303600.0
Uganda,2022,990.0,6565.0,5575.0,393900.0,59400.0,334500.0
Uganda,2023,1000.0,6400.0,5400.0,384000.0,60000.0,324000.0
Uganda,2024,1030.0,6700.0,5670.0,402000.0,61800.0,340200.0
Uganda,2025,1060.0,6875.0,5815.0,412500.0,63600.0,348900.0
Vietnam,1960,3.0,76.0,50.0,4560.0,180.0,3000.0
Vietnam,1961,2.0,66.0,44.0,3960.0,120.0,2640.0
Vietnam,1962,2.0,66.0,44.0,3960.0,120.0,2640.0
Vietnam,1963,2.0,60.0,40.0,3600.0,120.0,2400.0
Vietnam,1964,2.0,66.0,44.0,3960.0,120.0,2640.0
Vietnam,1965,3.0,76.0,50.0,4560.0,180.0,3000.0
Vietnam,1966,3.0,86.0,57.0,5160.0,180.0,3420.0
Vietnam,1967,2.0,66.0,44.0,3960.0,120.0,2640.0
Vietnam,1968,2.0,66.0,44.0,3960.0,120.0,2640.0
Vietnam,1969,2.0,66.0,44.0,3960.0,120.0,2640.0
Vietnam,1970,2.0,56.0,37.0,3360.0,120.0,2220.0
Vietnam,1971,2.0,51.0,34.0,3060.0,120.0,2040.0
Vietnam,1972,2.0,56.0,37.0,3360.0,120.0,2220.0
Vietnam,1973,2.0,56.0,37.0,3360.0,120.0,2220.0
Vietnam,1974,2.0,60.0,40.0,3600.0,120.0,2400.0
Vietnam,1975,0.0,54.0,54.0,3240.0,0.0,3240.0
Vietnam,1976,0.0,93.0,93.0,5580.0,0.0,5580.0
Vietnam,1977,0.0,91.0,91.0,5460.0,0.0,5460.0
Vietnam,1978,0.0,84.0,84.0,5040.0,0.0,5040.0
Vietnam,1979,0.0,140.0,140.0,8400.0,0.0,8400.0
Vietnam,1980,0.0,77.0,77.0,4620.0,0.0,4620.0
Vietnam,1981,0.0,77.0,77.0,4620.0,0.0,4620.0
Vietnam,1982,0.0,83.0,83.0,4980.0,0.0,4980.0
Vietnam,1983,0.0,69.0,69.0,4140.0,0.0,4140.0
Vietnam,1984,0.0,206.0,206.0,12360.0,0.0,12360.0
Vietnam,1985,0.0,314.0,314.0,18840.0,0.0,18840.0
Vietnam,1986,0.0,454.0,454.0,27240.0,0.0,27240.0
Vietnam,1987,0.0,579.0,579.0,34740.0,0.0,34740.0
Vietnam,1988,0.0,922.0,922.0,55320.0,0.0,55320.0
Vietnam,1989,0.0,985.0,985.0,59100.0,0.0,59100.0
Vietnam,1990,0.0,1200.0,1200.0,72000.0,0.0,72000.0
Vietnam,1991,0.0,1980.0,1980.0,118800.0,0.0,118800.0
Vietnam,1992,0.0,2250.0,2250.0,135000.0,0.0,135000.0
Vietnam,1993,0.0,2500.0,2500.0,150000.0,0.0,150000.0
Vietnam,1994,0.0,3500.0,3500.0,210000.0,0.0,210000.0
Vietnam,1995,17.0,3917.0,3900.0,235020.0,1020.0,234000.0
Vietnam,1996,50.0,5750.0,5700.0,345000.0,3000.0,342000.0
Vietnam,1997,67.0,7000.0,6933.0,420000.0,4020.0,415980.0
Vietnam,1998,67.0,7500.0,7433.0,450000.0,4020.0,445980.0
Vietnam,1999,90.0,11010.0,10920.0,660600.0,5400.0,655200.0
Vietnam,2000,117.0,15333.0,15216.0,919980.0,7020.0,912960.0
Vietnam,2001,166.0,12833.0,12667.0,769980.0,9960.0,760020.0
Vietnam,2002,250.0,11167.0,10917.0,670020.0,15000.0,655020.0
Vietnam,2003,266.0,15000.0,14734.0,900000.0,15960.0,884040.0
Vietnam,2004,383.0,14500.0,14117.0,870000.0,22980.0,847020.0
Vietnam,2005,335.0,16335.0,16000.0,980100.0,20100.0,960000.0
Vietnam,2006,500.0,19500.0,19000.0,1170000.0,30000.0,1140000.0
Vietnam,2007,400.0,18000.0,17600.0,1080000.0,24000.0,1056000.0
Vietnam,2008,480.0,16980.0,16500.0,1018800.0,28800.0,990000.0
Vietnam,2009,450.0,18500.0,18050.0,1110000.0,27000.0,1083000.0
Vietnam,2010,650.0,19415.0,18765.0,1164900.0,39000.0,1125900.0
Vietnam,2011,800.0,26000.0,25200.0,1560000.0,48000.0,1512000.0
Vietnam,2012,900.0,26500.0,25600.0,1590000.0,54000.0,1536000.0
Vietnam,2013,1175.0,29833.0,28658.0,1789980.0,70500.0,1719480.0
Vietnam,2014,1050.0,27400.0,26350.0,1644000.0,63000.0,1581000.0
Vietnam,2015,1100.0,28930.0,27830.0,1735800.0,66000.0,1669800.0
Vietnam,2016,1100.0,26700.0,25600.0,1602000.0,66000.0,1536000.0
Vietnam,2017,1026.0,29300.0,28274.0,1758000.0,61560.0,1696440.0
Vietnam,2018,1064.0,30400.0,29336.0,1824000.0,63840.0,1760160.0
Vietnam,2019,1100.0,31300.0,30200.0,1878000.0,66000.0,1812000.0
Vietnam,2020,950.0,29000.0,28050.0,1740000.0,57000.0,1683000.0
Vietnam,2021,1100.0,31580.0,30480.0,1894800.0,66000.0,1828800.0
Vietnam,2022,1000.0,28300.0,27300.0,1698000.0,60000.0,1638000.0
Vietnam,2023,1000.0,27550.0,26550.0,1653000.0,60000.0,1593000.0
Vietnam,2024,1000.0,29000.0,28000.0,1740000.0,60000.0,1680000.0
Vietnam,2025,1200.0,30800.0,29600.0,1848000.0,72000.0,1776000.0
